Designator,Footprint,Quantity,Value,LCSC Part #
"C1, C10, C11, C2, C3, C8, C9",0402,7,100nF,C1525
"C4, C6, C7",0603,3,1uF,C15849
C5,1206,1,22uF,C5672
"D1, D2, D3, D4",D_SOD-123,4,B5819W,C8598
D5,0603,1,BLUE,C965807
D6,0603,1,GREEN,C965805
D7,0603,1,RED,C965799
D8,0603,1,WHITE,C965808
D9,0603,1,YELLOW,C965802
FB1,0805,1,CBM201209U601T,C139168
J1,JST_XH_B4B-XH-A_1x04_P2.50mm_Vertical,1,SWD,
J2,JST_XH_B6B-XH-A_1x06_P2.50mm_Vertical,1,BOOTLDR,
J3,JST_XH_B4B-XH-A_1x04_P2.50mm_Vertical,1,NODE,
J4,PinHeader_2x05_P2.54mm_Vertical,1,Probe,
J5,PinHeader_2x07_P2.54mm_Vertical,1,EXT1,
J6,PinHeader_2x05_P2.54mm_Vertical,1,EXT2,
"Q1, Q2, Q3, Q4, Q5",SOT-23_GSD,5,Si2301,C2891731
"Q10, Q6, Q7, Q8, Q9",SOT-23_GSD,5,Si2300A,C347480
"R1, R12, R2, R3, R4, R5",0402,6,2k4,C2906865
"R10, R11, R6, R7, R8, R9",0402,6,4k7,
TP1,TestPoint_2Pads_Pitch2.54mm_Drill0.8mm,1,TestPoint,
U1,LQFP-48_7x7mm_P0.5mm,1,STM32G070CBTx,C529338
U2,SOT-23,1,HXY6206I-3V3,C5148688
U3,SOIC-14_3.9x8.7mm_P1.27mm,1,74LV14,
